28584,Capuchons,capuchons,51508
28596,Pneus,pneus,51514
28597,Freins,freins,0
28611,Supports et chargeurs,supports-et-chargeurs,51497
28626,Couvre-siège,couvre-siege,51496
29228,Gants et protection des mains,gants-et-protection-des-mains,51504
29238,Rails d'arrimage,rails-d-arrimage,51509
29248,Coupleurs,coupleurs,51508
29260,Essieux,essieux,0
29263,Suspension,suspension,51487
29264,Ensembles de freins,ensembles-de-freins,0
29266,Moyeux et tambours,moyeux-et-tambours,0
29267,Garde-boue et rampe,garde-boue-et-rampe,51495
29269,Vérins,verins,51506
29272,Pneus et roues,pneus-et-roues,51514
29341,Écrous et boulons,ecrous-et-boulons,51508
29345,Jantes,jantes,51513
29558,Roulements,roulements,0
29559,Bagues et joints,bagues-et-joints,51508
29618,Supports,supports,51497
29619,Bouchons et passe-fils,bouchons-et-passe-fils,51508
29638,Évents,events,0
29639,Auvents & Abris,auvents-et-abris,0
29641,Toitures et scellants,toitures-et-scellants,0
29643,Lumière extérieure,lumiere-exterieure,51492
29645,Meubles,meubles,0
29646,Portes,portes,0
29647,Cuisine,cuisine,0
29649,Toilettes et accessoires,toilettes-et-accessoires,51498
29650,Salle de bains,salle-de-bains,0
29651,Appareils électroménagers,appareils-electromenagers,0
29652,Pièces extérieures,pieces-exterieures,0
29653,Raccords de plomberie,raccords-de-plomberie,0
29657,Niveaux,niveaux,0
29658,Extérieur,exterieur,0
29659,Attelages et remorquage,attelages-et-remorquage,29658
29660,Éclairage intérieur,eclairage-interieur,51499
29661,Coupe-froid,coupe-froid,0
29662,Jupes d'aile,jupes-d-aile,51494
29663,Nettoyants et produits chimiques,nettoyants-et-produits-chimiques,0
29664,Entretien automobile,entretien-automobile,29658
29665,Pompes,pompes,0
29667,Outils et accessoires de barbecue,outils-et-accessoires-de-barbecue,0
29668,Marches et échelles,marches-et-echelles,0
29674,Climatisation et chauffage,climatisation-et-chauffage,0
29675,Chauffe-eau,chauffe-eau,0
29676,Trappes et remplissages d'eau,trappes-et-remplissages-d-eau,51498
29677,Réservoirs de propane,reservoirs-de-propane,0
29678,Housses,housses,51496
29750,Lumières DEL,lumieres-del,51492
29760,Accessoires pour roues et pneus,accessoires-pour-roues-et-pneus,0
29861,Phares,phares,0
50370,Lumières HID,lumieres-hid,51492
50371,Lumières au xénon,lumieres-au-xenon,51492
50372,Nettoyage,nettoyage,51498
50373,Écrous et boulons,ecrous-et-boulons,0
50376,Fournitures d'atelier,fournitures-d-atelier,51505
50379,Présentoirs,presentoirs,0
50381,TPMS & outils,tpms-et-outils,0
50385,Ensembles,ensembles,0
50386,Catalogues,catalogues,0
50387,Produits EV,produits-ev,0
50409,Accessoires de vélos,accessoires-de-velos,0
50410,Vélos,velos,0
50413,Matériel d'atelier,materiel-d-atelier,51505
50802,Peinture,peinture,0
50805,Direction,direction,51489
50806,Moteur,moteur,0
50807,Carrosserie,carrosserie,51494
50808,Transmission et essieux,transmission-et-essieux,51487
50809,Transmission,transmission,51478
50810,Pneu et roue,pneu-et-roue,0
50811,Véhicules,vehicules,0
50812,Équipements,equipements,51517
50813,Outils,outils,51504
50814,et Fournitures,et-fournitures,0
50815,Huile,huile,51481
50816,Liquides et produits chimiques,liquides-et-produits-chimiques,0
50817,Électrique,electrique,0
50818,Éclairage et carrosserie,eclairage-et-carrosserie,51492
50819,Boîtier de transfert,boitier-de-transfert,51478
50820,Pare-chocs,pare-chocs,51494
50821,Écarteur de pare-chocs,ecarteur-de-pare-chocs,51494
50822,Plaque de protection,plaque-de-protection,51494
50823,Support de capteur d'aide au stationnement,support-de-capteur-d-aide-au-stationnement,51485
50824,Support de montage pour éclairage auxiliaire,support-de-montage-pour-eclairage-auxiliaire,51492
50825,Support de capteur de distance de régulateur de vitesse,support-de-capteur-de-distance-de-regulateur-de-vitesse,51500
50826,Jeu d'élargisseurs d'ailes,jeu-d-elargisseurs-d-ailes,51494
50827,Débardeur,debardeur,51516
50828,Casquette,casquette,51516
50829,Sweat à capuche,sweat-a-capuche,51516
50830,Pin's,pins,51516
50831,T-shirt,t-shirt,51516
50833,Grille d'hiver et moustiquaire,grille-d-hiver-et-moustiquaire,51494
50834,Ensemble de housses de siège accessoires,ensemble-de-housses-de-siege-accessoires,51496
50836,Grille de protection,grille-de-protection,51494
50837,Housse pour attelage de remorque à sellette,housse-pour-attelage-de-remorque-a-sellette,51509
50838,Housse pour roue de secours,housse-pour-roue-de-secours,51499
50839,Masque facial,masque-facial,51516
50840,Casque de sablage,casque-de-sablage,51517
50841,Lentille de casque de sablage,lentille-de-casque-de-sablage,51517
50842,Housse de siège,housse-de-siege,51496
50843,Barre de poussée pour pare-chocs,barre-de-poussee-pour-pare-chocs,51494
50844,Barre pare-buffle,barre-pare-buffle,51493
50845,Attelage de remorque,attelage-de-remorque,51509
50847,Grille,grille,51494
50848,Barre de grille,barre-de-grille,51494
50849,Marchepied latéral (Nerf bar),marchepied-lateral-nerf-bar,0
50850,Pare-buffle,pare-buffle,51493
50851,Support d'attelage pour boule de remorque,support-d-attelage-pour-boule-de-remorque,51509
50852,Protections de cabine de camion / Rack anti-coup,protections-de-cabine-de-camion-rack-anti-coup,51493
50853,Galerie de toit,galerie-de-toit,51493
50854,Couvre-tonneau,couvre-tonneau,51515
50855,Protection de grille,protection-de-grille,51494
50856,Marchepied,marchepied,51493
50857,Ensemble de marchepieds,ensemble-de-marchepieds,51493
50858,Support du compartiment de rangement de la boîte à gants,support-du-compartiment-de-rangement-de-la-boite-a-gants,51499
50859,Insert de console centrale,insert-de-console-centrale,51499
50860,Capuchon de benne de camion,capuchon-de-benne-de-camion,51515
50861,Plateau flexible de transmission automatique,plateau-flexible-de-transmission-automatique,51478
50862,Support de montage pour programmateur de puce informatique,support-de-montage-pour-programmateur-de-puce-informatique,51507
50863,Assemblage de transmission automatique,assemblage-de-transmission-automatique,51478
50864,Corps de valve de transmission automatique,corps-de-valve-de-transmission-automatique,51478
50865,Kit de corps de valve de transmission automatique,kit-de-corps-de-valve-de-transmission-automatique,51478
50866,Convertisseur de couple de transmission automatique,convertisseur-de-couple-de-transmission-automatique,51478
50868,Kit de révision de transmission automatique,kit-de-revision-de-transmission-automatique,51478
50869,Soupape de modulation de transmission automatique,soupape-de-modulation-de-transmission-automatique,51478
50870,Bague de transmission automatique,bague-de-transmission-automatique,51478
50871,Disque de friction d'embrayage de transmission,disque-de-friction-d-embrayage-de-transmission,51477
50872,Bande de transmission automatique,bande-de-transmission-automatique,51478
50873,Kit de changement de vitesse de transmission automatique,kit-de-changement-de-vitesse-de-transmission-automatique,51478
50874,Ensemble d'engrenage planétaire de transmission automatique,ensemble-d-engrenage-planetaire-de-transmission-automatique,51478
50875,Moyeu d'embrayage de transmission automatique,moyeu-d-embrayage-de-transmission-automatique,51477
50876,Plateau de pression d'embrayage de transmission,plateau-de-pression-d-embrayage-de-transmission,51477
50877,Joint de carter d'huile moteur,joint-de-carter-d-huile-moteur,0
50878,Filtre à huile de transmission,filtre-a-huile-de-transmission,51478
50879,Rondelle de poussée de pompe à huile de transmission automatique,rondelle-de-poussee-de-pompe-a-huile-de-transmission-automatique,51478
50880,Kit de bague d'étanchéité de transmission automatique,kit-de-bague-d-etancheite-de-transmission-automatique,51478
50881,Ensemble de pompe à huile de transmission automatique,ensemble-de-pompe-a-huile-de-transmission-automatique,51478
50882,Durite de trop-plein de liquide de refroidissement moteur,durite-de-trop-plein-de-liquide-de-refroidissement-moteur,0
50883,Kit de frein de transmission,kit-de-frein-de-transmission,51475
50884,Piston de servo de transmission automatique,piston-de-servo-de-transmission-automatique,51478
50885,Anneau d'étanchéité de piston de servo de transmission automatique,anneau-d-etancheite-de-piston-de-servo-de-transmission-automatique,51478
50886,Kit de plaque d'adaptation de transmission automatique,kit-de-plaque-d-adaptation-de-transmission-automatique,51478
50887,Anneau d'espacement de vilebrequin moteur,anneau-d-espacement-de-vilebrequin-moteur,51481
50888,Arbre d'entrée de transmission automatique,arbre-d-entree-de-transmission-automatique,51478
50889,Ensemble sprag de transmission automatique,ensemble-sprag-de-transmission-automatique,51478
50890,Kit de câble de levier de transmission automatique,kit-de-cable-de-levier-de-transmission-automatique,51478
50891,Ensemble de levier de changement de vitesse de transmission automatique,ensemble-de-levier-de-changement-de-vitesse-de-transmission-automatique,51478
50892,Couvercle coulissant de levier de transmission automatique,couvercle-coulissant-de-levier-de-transmission-automatique,51478
50893,Câble de levier de transmission automatique,cable-de-levier-de-transmission-automatique,51478
50894,Feu de recul,feu-de-recul,51492
50895,Tringlerie de levier de transmission automatique,tringlerie-de-levier-de-transmission-automatique,51478
50896,Ressort de retour de valve de contrôle du corps de valve de transmission automatique,ressort-de-retour-de-valve-de-controle-du-corps-de-valve-de-transmission-automatique,51478
50897,Poignée de changement de vitesse de transmission automatique,poignee-de-changement-de-vitesse-de-transmission-automatique,51478
50898,Clip de tringlerie de levier de transmission automatique,clip-de-tringlerie-de-levier-de-transmission-automatique,51478
50899,Levier de changement de vitesse de transmission automatique,levier-de-changement-de-vitesse-de-transmission-automatique,51478
50900,Bouclier de carter de transmission automatique,bouclier-de-carter-de-transmission-automatique,51478
50901,Carter de transmission automatique,carter-de-transmission-automatique,51478
50902,Cloche de transmission,cloche-de-transmission,51478
50903,Couvercle de servo de transmission automatique,couvercle-de-servo-de-transmission-automatique,51478
50904,Jauge de niveau d'huile de transmission automatique,jauge-de-niveau-d-huile-de-transmission-automatique,51478
50905,Bouclier de plateau flexible de transmission automatique,bouclier-de-plateau-flexible-de-transmission-automatique,51478
50906,Bague de tambour d'embrayage de transmission automatique,bague-de-tambour-d-embrayage-de-transmission-automatique,51477
50907,Cylindre récepteur d'embrayage,cylindre-recepteur-d-embrayage,51477
50908,Plaque d'embrayage de transmission automatique,plaque-d-embrayage-de-transmission-automatique,51477
50909,Carter d'huile moteur,carter-d-huile-moteur,0
50910,Boulon de montage de plateau flexible de transmission automatique,boulon-de-montage-de-plateau-flexible-de-transmission-automatique,51478
50911,Levier de bande de transmission automatique,levier-de-bande-de-transmission-automatique,51478
50912,Capteur de régime moteur,capteur-de-regime-moteur,51481
50913,Programmateur de puce informatique,programmateur-de-puce-informatique,51507
50914,Engrenage planétaire de transmission automatique,engrenage-planetaire-de-transmission-automatique,51478
50915,Solénoïde de corps de valve de transmission automatique,solenoide-de-corps-de-valve-de-transmission-automatique,51478
50916,Tambour d'embrayage de transmission automatique,tambour-d-embrayage-de-transmission-automatique,51477
50917,Support central d'arbre de transmission,support-central-d-arbre-de-transmission,51466
50918,Kit de piston de transmission automatique,kit-de-piston-de-transmission-automatique,51478
50919,Arbre intermédiaire de transmission automatique,arbre-intermediaire-de-transmission-automatique,51478
50920,Ressort de retour du pack d'embrayage de transmission automatique,ressort-de-retour-du-pack-d-embrayage-de-transmission-automatique,51477
50921,Bague de carter de transmission automatique,bague-de-carter-de-transmission-automatique,51478
50922,Réservoir à vide,reservoir-a-vide,51483
50923,Kit de filtre de transmission,kit-de-filtre-de-transmission,51478
50924,Engrenage d'entraînement de pompe à huile de transmission automatique,engrenage-d-entrainement-de-pompe-a-huile-de-transmission-automatique,51478
50925,Boulon de convertisseur de couple de transmission automatique,boulon-de-convertisseur-de-couple-de-transmission-automatique,51478
50926,Plaque d'adaptation de support moteur,plaque-d-adaptation-de-support-moteur,51481
50927,Couvercle planétaire de transmission automatique,couvercle-planetaire-de-transmission-automatique,51478
50928,Goupille de retenue de valve de contrôle de corps de valve de transmission automatique,goupille-de-retention-de-valve-de-controle-de-corps-de-valve-de-transmission-automatique,51478
50929,Roulement d'arbre de transfert de transmission automatique,roulement-d-arbre-de-transfert-de-transmission-automatique,51478
50930,Roulement d'arbre intermédiaire de transmission automatique,roulement-d-arbre-intermediaire-de-transmission-automatique,51478
50931,Jauge de température d'huile de transmission automatique,jauge-de-temperature-d-huile-de-transmission-automatique,51478
50932,Refroidisseur d'huile de transmission automatique,refroidisseur-d-huile-de-transmission-automatique,51478
50933,Support de refroidisseur d'huile moteur,support-de-refroidisseur-d-huile-moteur,0
50934,Interrupteur de température de liquide de refroidissement moteur,interrupteur-de-temperature-de-liquide-de-refroidissement-moteur,0
50935,Ventilateur de refroidissement moteur,ventilateur-de-refroidissement-moteur,51481
50936,Raccord d'extrémité de refroidisseur d'huile de transmission automatique,raccord-d-extremite-de-refroidisseur-d-huile-de-transmission-automatique,51478
50937,Raccord de tuyau,raccord-de-tuyau,51483
50938,Solénoïde de contrôle de transmission automatique,solenoide-de-controle-de-transmission-automatique,51478
50939,Valve de proportionnement de frein,valve-de-proportionnement-de-frein,51475
50940,Dampers harmoniques moteur,dampers-harmoniques-moteur,51481
50941,Couvercle de damper harmonique moteur,couvercle-de-damper-harmonique-moteur,51481
50942,Engrenage d'entraînement de compteur de vitesse,engrenage-d-entrainement-de-compteur-de-vitesse,51479
50943,Joint de transmission automatique,joint-de-transmission-automatique,0
50944,Manuel de réparation sur CD-ROM,manuel-de-reparation-sur-cd-rom,51507
50945,Manuel de réparation,manuel-de-reparation,51507
50946,Plaque de cric,plaque-de-cric,51506
50947,Support de transmission,support-de-transmission,51478
50948,Support de transmission automatique,support-de-transmission-automatique,51478
50949,Fourche de joint universel,fourche-de-joint-universel,51478
50950,Boulon,boulon,51508
50951,Bannière d'affichage,banniere-d-affichage,51493
50952,Joint de corps de valve de transmission automatique,joint-de-corps-de-valve-de-transmission-automatique,51478
50953,Démarreur,demarreur,0
50954,Fluide de transmission automatique,fluide-de-transmission-automatique,51478
50955,Faisceau de câblage de transmission automatique,faisceau-de-cablage-de-transmission-automatique,51478
50956,Filtre de corps de valve de transmission automatique,filtre-de-corps-de-valve-de-transmission-automatique,51478
50957,Câble d'interface pour programmateur de puce informatique,cable-d-interface-pour-programmateur-de-puce-informatique,51480
50958,Module de contrôle de transmission automatique,module-de-controle-de-transmission-automatique,51478
50959,Connecteur d'alimentation 12 volts,connecteur-d-alimentation-12-volts,0
50960,Unité de contrôle de reconnaissance d'engrenage de transmission automatique,unite-de-controle-de-reconnaissance-d-engrenage-de-transmission-automatique,51478
50961,Bague de convertisseur de couple de transmission automatique,bague-de-convertisseur-de-couple-de-transmission-automatique,51478
50962,Solénoïde de régulateur de transmission automatique,solenoide-de-regulateur-de-transmission-automatique,51478
50963,Plaque d'embrayage direct de transmission automatique,plaque-d-embrayage-direct-de-transmission-automatique,51477
50964,Kit de changement de vitesse court pour transmission manuelle,kit-de-changement-de-vitesse-court-pour-transmission-manuelle,51478
50965,Régulateur de transmission automatique,regulateur-de-transmission-automatique,51478
50966,Course d'arbre de sortie de transmission automatique,course-d-arbre-de-sortie-de-transmission-automatique,51478
50967,Solénoïde de démarreur,solenoide-de-demarreur,0
50968,Pignon de démarreur,pignon-de-demarreur,51479
50969,Bague de démarreur,bague-de-demarreur,0
50970,Câble de rétrogradage de transmission automatique,cable-de-retrogradage-de-transmission-automatique,51478
50971,Micro-interrupteur de changement de vitesse de transmission automatique,micro-interrupteur-de-changement-de-vitesse-de-transmission-automatique,51478
50972,Ensemble de coquille de transmission automatique,ensemble-de-coquille-de-transmission-automatique,51478
50973,Ressort de piston d'accumulateur de transmission automatique,ressort-de-piston-d-accumulateur-de-transmission-automatique,51478
50974,Valve de papillon de transmission automatique,valve-de-papillon-de-transmission-automatique,51478
50975,Goupille d'ancrage de mâchoire de frein à tambour,goupille-d-ancrage-de-mâchoire-de-frein-a-tambour,51476
50976,Interrupteur de verrouillage du convertisseur de couple de transmission automatique,interrupteur-de-verrouillage-du-convertisseur-de-couple-de-transmission-automatique,51478
50977,Support de câble de détente de transmission automatique,support-de-cable-de-detente-de-transmission-automatique,51478
50978,Connecteur de capteur de position de papillon,connecteur-de-capteur-de-position-de-papillon,0
50979,Câble de compteur de vitesse,cable-de-compteur-de-vitesse,51485
50980,Capteur de position de papillon,capteur-de-position-de-papillon,51485
50981,Ordinateur embarqué,ordinateur-embarque,51500
50982,Couvercle de filtre à huile moteur,couvercle-de-filtre-a-huile-moteur,0
50983,Arbre de stator de transmission automatique,arbre-de-stator-de-transmission-automatique,51478
50984,Goupille de bande de transmission automatique,goupille-de-bande-de-transmission-automatique,51478
50985,Cale de volant,cale-de-volant,51478
50986,Capteur de pression d'huile de transmission automatique,capteur-de-pression-d-huile-de-transmission-automatique,51478
50987,Kit de joint d'étanchéité de transmission automatique,kit-de-joint-d-etancheite-de-transmission-automatique,51478
50988,Plaque d'embrayage direct et inversé de transmission automatique,plaque-d-embrayage-direct-et-inverse-de-transmission-automatique,51477
50989,Carter d'huile de transmission,carter-d-huile-de-transmission,51478
50990,Ensemble d'amortisseurs de suspension,ensemble-d-amortisseurs-de-suspension,51487
50991,Support de réservoir d'amortisseur de suspension,support-de-reservoir-d-amortisseur-de-suspension,51487
50992,Kit de ressorts abaissant,kit-de-ressorts-abaissant,51488
50994,Cric pneumatique,cric-pneumatique,51506
50995,Support de cric,support-de-cric,51506
50996,Biellette de barre stabilisatrice de suspension,biellette-de-barre-stabilisatrice-de-suspension,51487
50997,Disque de frein,disque-de-frein,51474
50999,Volant d'embrayage,volant-d-embrayage,51477
51001,Insert de logement de volant,insert-de-logement-de-volant,51478
51002,Contrepoids de volant d'embrayage,contrepoids-de-volant-d-embrayage,51477
51003,Kit d'embrayage,kit-d-embrayage,51477
51004,Ensemble de levier de changement de vitesse manuel,ensemble-de-levier-de-changement-de-vitesse-manuel,51478
51005,Engrenage d'arbre à cames moteur,engrenage-d-arbre-a-cames-moteur,51479
51006,Raccord de tuyau à clamp,raccord-de-tuyau-a-clamp,51508
51008,Raccord de tuyau de carburant,raccord-de-tuyau-de-carburant,51483
51009,Tuyau de carburant,tuyau-de-carburant,51483
51010,Gaine de câblage,gaine-de-cablage,0
51011,Durite hydraulique de frein,durite-hydraulique-de-frein,51475
51012,Raccord de ligne du système d'air différentiel,raccord-de-ligne-du-systeme-d-air-differentiel,51483
51013,Ligne du système d'air différentiel,ligne-du-systeme-d-air-differentiel,51483
51014,Ligne de carburant,ligne-de-carburant,51483
51015,Outil de purge du système hydraulique de frein,outil-de-purge-du-systeme-hydraulique-de-frein,51475
51016,Vis de purge de frein,vis-de-purge-de-frein,51475
51017,Bague de capteur d'oxygène,bague-de-capteur-d-oxygene,51485
51018,Durite hydraulique d'embrayage,durite-hydraulique-d-embrayage,51477
51019,Raccord de durite hydraulique de frein,raccord-de-durite-hydraulique-de-frein,51475
51020,Durite de pression de direction assistée,durite-de-pression-de-direction-assistee,51489
51021,Jauge de pression d'huile moteur,jauge-de-pression-d-huile-moteur,0
51022,Carburateur,carburateur,51483
51023,Purgeur de cylindre récepteur d'embrayage,purgeur-de-cylindre-recepteur-d-embrayage,51477
51024,Système d'injection de carburant,systeme-d-injection-de-carburant,51483
51025,Filtre à carburant,filtre-a-carburant,51483
51026,Outil d'installation de bague moteur,outil-d-installation-de-bague-moteur,51481
51027,Joint de filtre à carburant,joint-de-filtre-a-carburant,51483
51028,Support de filtre à carburant,support-de-filtre-a-carburant,51483
51029,Jauge de pression de carburant,jauge-de-pression-de-carburant,51483
51030,Soupape d'arrêt de carburant,soupape-d-arret-de-carburant,51483
51031,Collier de serrage,collier-de-serrage,51481
51032,Joint torique de conduite de carburant,joint-torique-de-conduite-de-carburant,51483
51033,Joint torique polyvalent,joint-torique-polyvalent,51508
51034,Rondelle,rondelle,51508
51035,Durite à vide,durite-a-vide,51483
51036,Clé pour extrémité de durite,cle-pour-extremite-de-durite,51504
51037,Outil de sertissage,outil-de-sertissage,51504
51038,Support de durite hydraulique de frein,support-de-durite-hydraulique-de-frein,51475
51039,Connecteur de conduite de carburant,connecteur-de-conduite-de-carburant,51483
51040,Support de durite à vide,support-de-durite-a-vide,51483
51041,Clé,cle,51504
51042,Mâchoires d'étau,mâchoires-d-etau,51505
51043,Outil d'installation de durite,outil-d-installation-de-durite,51504
51044,Sertisseuse de durites hydrauliques,sertisseuse-de-durites-hydrauliques,51505
51045,Ligne hydraulique de frein,ligne-hydraulique-de-frein,0
51046,Bouchon de tuyau,bouchon-de-tuyau,0
51047,Fil de sécurité,fil-de-securite,0
51048,Kit de durite hydraulique de frein,kit-de-durite-hydraulique-de-frein,51475
51049,Clip de ligne hydraulique de frein,clip-de-ligne-hydraulique-de-frein,51475
51050,Raccord de collecteur d'admission moteur,raccord-de-collecteur-d-admission-moteur,51481
51051,Ensemble de bouchon de vidange d'huile moteur,ensemble-de-bouchon-de-vidange-d-huile-moteur,0
51052,Boulon banjo et raccord,boulon-banjo-et-raccord,0
51053,Adaptateur d'alimentation en huile pour turbocompresseur,adaptateur-d-alimentation-en-huile-pour-turbocompresseur,51486
51054,Ensemble de clés,ensemble-de-cles,51504
51055,Amortisseur de suspension,amortisseur-de-suspension,51487
51057,Tapis de sol,tapis-de-sol,51499
51058,Protecteur de seuil de pare-chocs,protecteur-de-seuil-de-pare-chocs,51494
51059,Tapis pour espace de chargement,tapis-pour-espace-de-chargement,51499
51060,Marchepied de hayon,marchepied-de-hayon,51515
51062,Kit de peinture pour étriers de frein à disque,kit-de-peinture-pour-etrieurs-de-frein-a-disque,51474
51063,Kit de suspension,kit-de-suspension,51487
51065,Capteur de hauteur de suspension,capteur-de-hauteur-de-suspension,51487
51066,Ensemble de feux antibrouillard,ensemble-de-feux-antibrouillard,51492
51068,Ensemble de feux arrière,ensemble-de-feux-arriere,51492
51069,Ensemble de phares,ensemble-de-phares,51492
51070,Clignotant,clignotant,51492
51071,Ensemble de clignotants,ensemble-de-clignotants,51492
51072,Kit de lumière de calandre,kit-de-lumiere-de-calandre,51492
51073,Écrou de roue,ecrou-de-roue,51513
51075,Clé pour écrou de roue,cle-pour-ecrou-de-roue,51513
51076,Adaptateur de roue,adaptateur-de-roue,51513
51077,Porte-vélos,porte-velos,51515
51078,Kit de ressorts hélicoïdaux abaissants / barre stabilisatrice,kit-de-ressorts-helicoidaux-abaissants-barre-stabilisatrice,51488
51079,Assemblage de barre stabilisatrice de suspension,assemblage-de-barre-stabilisatrice-de-suspension,51487
51080,Kit de rehaussement de suspension,kit-de-rehaussement-de-suspension,51487
51082,Ressort hélicoïdal,ressort-helicoidal,51488
51083,Insert en caoutchouc pour ressort hélicoïdal,insert-en-caoutchouc-pour-ressort-helicoidal,51488
51084,Soufflet de protection pour suspension,soufflet-de-protection-pour-suspension,51487
51085,Entretoise de ressort hélicoïdal,entretoise-de-ressort-helicoidal,51488
51086,Ensemble de ressorts hélicoïdaux,ensemble-de-ressorts-helicoidaux,51488
51087,Siège de ressort hélicoïdal pour suspension,siege-de-ressort-helicoidal-pour-suspension,51487
51088,Kit de bras de commande de suspension,kit-de-bras-de-commande-de-suspension,51487
51089,Outil de réglage de ressort de suspension,outil-de-reglage-de-ressort-de-suspension,51487
51090,Bloc de carrosserie pour suspension,bloc-de-carrosserie-pour-suspension,51487
51091,Régleur de ressort hélicoïdal,regleur-de-ressort-helicoidal,51488
51092,Ensemble de ressorts hélicoïdaux et amortisseurs,ensemble-de-ressorts-helicoidaux-et-amortisseurs,51488
51093,Entretoise de roue,entretoise-de-roue,51513
51094,Kit de ressorts hélicoïdaux abaissants / kit d'amortisseurs,kit-de-ressorts-helicoidaux-abaissants-kit-d-amortisseurs,51488
51095,Kit de ressorts hélicoïdaux abaissants / kit d'amortisseurs / kit de barre stabilisatrice,kit-de-ressorts-helicoidaux-abaissants-kit-d-amortisseurs-kit-de-barre-stabilisatrice,51488
51096,Support de ressort à lames,support-de-ressort-a-lames,51488
51097,Kit d'abaissement de manilles de ressort à lames,kit-d-abaissement-de-manilles-de-ressort-a-lames,51504
51098,Clé de barre de torsion,cle-de-barre-de-torsion,51488
51099,Bras latéral,bras-lateral,51490
51100,Lien latéral de réglage de carrossage,lien-lateral-de-reglage-de-carrossage,51490
51101,Bras tiré de suspension,bras-tire-de-suspension,51487
51102,Bras tiré de suspension / kit de barre Panhard,bras-tire-de-suspension-kit-de-barre-panhard,51487
51103,Kit de cales de réglage de carrossage,kit-de-cales-de-reglage-de-carrossage,51504
51104,Joint à rotule de réglage de carrossage,joint-a-rotule-de-reglage-de-carrossage,51490
51105,Écrou de came de réglage de carrossage,ecrou-de-came-de-reglage-de-carrossage,51490
51106,Kit de boulons de réglage de carrossage,kit-de-boulons-de-reglage-de-carrossage,51504
51107,Bras de réglage de pincement,bras-de-reglage-de-pincement,51490
51108,Plaque de réglage de carrossage,plaque-de-reglage-de-carrossage,51490
51109,Ressort de soutien hélicoïdal,ressort-de-soutien-helicoidal,51488
51110,Isolant de ressort hélicoïdal,isolant-de-ressort-helicoidal,51488
51111,Cale de ressort hélicoïdal,cale-de-ressort-helicoidal,51488
51112,Butée de suspension,butee-de-suspension,51487
51113,Siège / isolant de ressort hélicoïdal,siege-isolant-de-ressort-helicoidal,51488
51114,Kit de bagues de réglage de carrossage,kit-de-bagues-de-reglage-de-carrossage,0
51115,Renfort de bras de commande de suspension,renfort-de-bras-de-commande-de-suspension,51487
51116,Amortisseur de direction,amortisseur-de-direction,51489
51117,Support de barre stabilisatrice de suspension,support-de-barre-stabilisatrice-de-suspension,51487
51118,Kit de réglage de chasse / carrossage,kit-de-reglage-de-chasse-carrossage,51504
51119,Boîtier pour démarreur de véhicule,boitier-pour-demarreur-de-vehicule,51517
51120,Démarreur de véhicule,demarreur-de-vehicule,51517
51121,Câble de démarreur de véhicule,cable-de-demarreur-de-vehicule,51517
51123,Tiroir de rangement sous siège,tiroir-de-rangement-sous-siege,51496
51124,Support de module de commande de frein de remorque,support-de-module-de-commande-de-frein-de-remorque,51475
51125,Accessoire de montage pour commande de frein de remorque,accessoire-de-montage-pour-commande-de-frein-de-remorque,51475
51126,Barre de support pour couvre-tonneau,barre-de-support-pour-couvre-tonneau,51493
51127,Mousse de coussin de siège,mousse-de-coussin-de-siege,51496
51129,Kit de marchepieds latéraux,kit-de-marchepieds-lateraux,51504
51131,Extension de pare-chocs,extension-de-pare-chocs,51494
51132,Rack pour benne de camion,rack-pour-benne-de-camion,51493
51133,Couvercle de pare-chocs,couvercle-de-pare-chocs,51494
51134,Garniture de passage de roue,garniture-de-passage-de-roue,51494
51135,Réfrigérateur,refrigerateur,0
51136,Kit de relocalisation de pare-chocs,kit-de-relocalisation-de-pare-chocs,51494
51138,Capuchon de réservoir maître de frein,capuchon-de-reservoir-maitre-de-frein,51475
51139,Support de ressort hélicoïdal,support-de-ressort-helicoidal,51488
51140,Support pour plaque de cric,support-pour-plaque-de-cric,51517
51141,Outil pour rotule,outil-pour-rotule,51504
51142,Outil de guidage de tige d'amortisseur de suspension,outil-de-guidage-de-tige-d-amortisseur-de-suspension,51487
51143,Réservoir de carburant,reservoir-de-carburant,51483
51144,Support de rangement pour cric,support-de-rangement-pour-cric,51510
51145,Cric agricole,cric-agricole,51517
51146,Corde de remorquage,corde-de-remorquage,51510
51148,Crochet de friction pour cric,crochet-de-friction-pour-cric,0
51149,Outil de purge de frein,outil-de-purge-de-frein,51475
51150,Roue,roue,51513
51153,Bras de commande de suspension,bras-de-commande-de-suspension,51487
51155,Kit de bagues de bras tiré de suspension,kit-de-bagues-de-bras-tire-de-suspension,51487
51156,Kit de bagues de sous-châssis de suspension,kit-de-bagues-de-sous-châssis-de-suspension,51487
51157,Support de différentiel,support-de-differentiel,51466
51158,Kit de bagues de bras de commande de suspension,kit-de-bagues-de-bras-de-commande-de-suspension,51487
51159,Bague de bras tiré de suspension,bague-de-bras-tire-de-suspension,51487
51160,Kit de roulements de différentiel d'essieu,kit-de-roulements-de-differentiel-d-essieu,51504
51161,Kit d'adaptateur de barre stabilisatrice de suspension,kit-d-adaptateur-de-barre-stabilisatrice-de-suspension,51487
51162,Kit de montage de lien de bras de commande de suspension,kit-de-montage-de-lien-de-bras-de-commande-de-suspension,51487
51163,Renfort de cadre de châssis,renfort-de-cadre-de-châssis,0
51164,Support de renfort de sous-châssis de suspension,support-de-renfort-de-sous-châssis-de-suspension,51487
51165,Kit de déconnexion de barre stabilisatrice de suspension,kit-de-deconnexion-de-barre-stabilisatrice-de-suspension,51487
51166,Kit de boulons de réglage de carrossage / pincement,kit-de-boulons-de-reglage-de-carrossage-pincement,51504
51167,Support moteur,support-moteur,51481
51168,Kit de support moteur,kit-de-support-moteur,51481
51169,Boulon de différentiel,boulon-de-differentiel,51466
51170,Kit de ressort hélicoïdal / manchon de biellette de direction / barre stabilisatrice,kit-de-ressort-helicoidal-manchon-de-biellette-de-direction-barre-stabilisatrice,51488
51171,Connecteur de sous-châssis de suspension,connecteur-de-sous-châssis-de-suspension,51487
51172,Kit de jambes de force / amortisseurs / ressorts hélicoïdaux / plaque de carrossage,kit-de-jambes-de-force-amortisseurs-ressorts-helicoidaux-plaque-de-carrossage,51487
51173,Kit d'abaissement de ressorts à lames,kit-d-abaissement-de-ressorts-a-lames,51504
51174,Tour de jambe de suspension,tour-de-jambe-de-suspension,51487
51175,Bras de réglage de carrossage / pincement,bras-de-reglage-de-carrossage-pincement,51490
51176,Bras de commande de chasse / carrossage,bras-de-commande-de-chasse-carrossage,51490
51177,Lien de Watts,lien-de-watts,51490
51178,Pare-chocs de protection,pare-chocs-de-protection,51494
51180,Arceau de sécurité,arceau-de-securite,51515
51181,Tapis pour benne de camion,tapis-pour-benne-de-camion,51515
51182,Organisateur de benne de camion,organisateur-de-benne-de-camion,51515
51185,Silencieux d'échappement,silencieux-d-echappement,51482
51186,Kit de système d'échappement,kit-de-systeme-d-echappement,51482
51187,Tuyau d'échappement,tuyau-d-echappement,51482
51188,Embout de tuyau d'échappement,embout-de-tuyau-d-echappement,51482
51191,Bague à rotule pour bras de commande de suspension,bague-a-rotule-pour-bras-de-commande-de-suspension,51487
51193,Non classé,non-classe,0
51194,Déflecteur de fenêtre latérale,deflecteur-de-fenetre-laterale,51495
51196,Tapis de sol,tapis-de-sol,51499
51197,Déflecteur de toit ouvrant,deflecteur-de-toit-ouvrant,51495
51198,Kit de visières de protection pluie pour rétroviseurs,kit-de-visieres-de-protection-pluie-pour-retroviseurs,51493
51199,Kit de garde-boue,kit-de-garde-boue,51495
51200,Pare-soleil de fenêtre,pare-soleil-de-fenetre,51493
51201,Pare-soleil de pare-brise,pare-soleil-de-pare-brise,51495
51202,Kit de spoiler,kit-de-spoiler,51504
51204,Adaptateur de connecteur de câblage de remorque,adaptateur-de-connecteur-de-cablage-de-remorque,0
51206,Ensemble de phare,ensemble-de-phare,0
51207,Ensemble de feux arrière,ensemble-de-feux-arriere,51492
51208,Boulon d'échappement,boulon-d-echappement,51482
51210,Écrou d'échappement,ecrou-d-echappement,51482
51211,Bouchon pour sonde à oxygène,bouchon-pour-sonde-a-oxygene,51485
51212,Connecteur pour sonde à oxygène,connecteur-pour-sonde-a-oxygene,0
51213,Extension pour sonde à oxygène,extension-pour-sonde-a-oxygene,51485
51214,Convertisseur catalytique,convertisseur-catalytique,51481
51215,Collecteur de collecteur d'échappement,collecteur-de-collecteur-d-echappement,51482
51216,Tuyau résonateur d'échappement,tuyau-resonateur-d-echappement,51482
51217,Tuyau descendant du collecteur d'échappement,tuyau-descendant-du-collecteur-d-echappement,51482
51218,Joint flexible d'échappement,joint-flexible-d-echappement,51482
51219,Bride d'échappement,bride-d-echappement,51482
51220,Joint de bride de tuyau d'échappement,joint-de-bride-de-tuyau-d-echappement,51482
51221,Collecteur d'échappement,collecteur-d-echappement,51482
51222,Système d'échappement / Assemblage d'admission d'air / Kit de programmateur de puce informatique,systeme-d-echappement-assemblage-d-admission-d-air-kit-de-programmateur-de-puce-informatique,51482
51223,Actionneur de valve de contrôle d'échappement,actionneur-de-valve-de-controle-d-echappement,51482
51224,Câble de valve de contrôle d'échappement,cable-de-valve-de-controle-d-echappement,51482
51225,Tuyau en Y d'échappement,tuyau-en-y-d-echappement,51482
51226,Module de contrôle du véhicule,module-de-controle-du-vehicule,0
51227,Collier d'échappement,collier-d-echappement,51482
51228,Kit de collier d'échappement,kit-de-collier-d-echappement,51482
51229,Collier en V de turbocompresseur,collier-en-v-de-turbocompresseur,51486
51230,Kit de valve de contrôle d'échappement,kit-de-valve-de-controle-d-echappement,51482
51232,Additif pour carburant,additif-pour-carburant,51483
51235,Plaque de protection de bas de caisse,plaque-de-protection-de-bas-de-caisse,51495
51236,Support de montage pour guide de treuil,support-de-montage-pour-guide-de-treuil,51493
51237,Ensemble de feux de recul,ensemble-de-feux-de-recul,51492
51238,Couvercle d'aération de porte,couvercle-d-aeration-de-porte,51493
51239,Support de plaque d'immatriculation,support-de-plaque-d-immatriculation,0
51240,Support de module de régulateur de vitesse,support-de-module-de-regulateur-de-vitesse,51500
51241,Câble de batterie,cable-de-batterie,0
51244,Siège,siege,51496
51246,Couvercle de console,couvercle-de-console,51499
51247,Sac de rangement de porte,sac-de-rangement-de-porte,51493
51248,Sac de rangement pour arceau,sac-de-rangement-pour-arceau,51515
51249,Sac à outils,sac-a-outils,51504
51250,Support de montage de siège,support-de-montage-de-siege,51496
51251,Ensemble de coussinets pour genoux,ensemble-de-coussinets-pour-genoux,51504
51252,Boîte de rangement pour roue de secours,boîte-de-rangement-pour-roue-de-secours,51514
51253,Rail d'épaule rembourré pour carrosserie intérieure,rail-d-epaule-rembourre-pour-carrosserie-interieure,51498
51254,Organisateur de tableau de bord,organisateur-de-tableau-de-bord,51497
51255,Organisateur de dossier de siège,organisateur-de-dossier-de-siege,51496
51256,Organisateur de coffre,organisateur-de-coffre,51499
51257,Kit d'outils polyvalents,kit-d-outils-polyvalents,51504
51258,Sangle de limitation d'essieu,sangle-de-limitation-d-essieu,51466
51259,Moyeu de volant,moyeu-de-volant,51489
51260,Volant,volant,51489
51261,Poignée de maintien,poignee-de-maintien,51493
51262,Coussin de renfort de dossier de siège,coussin-de-renfort-de-dossier-de-siege,51496
51263,Harnais de ceinture de sécurité,harnais-de-ceinture-de-securite,51496
51264,Porte,porte,51493
51265,Plaque adaptatrice de volant,plaque-adaptatrice-de-volant,51489
51266,Filet de fenêtre,filet-de-fenetre,0
51267,Fixation de roue de secours,fixation-de-roue-de-secours,51514
51269,Sangle à cliquet,sangle-a-cliquet,51509
51270,Sangle d'arrimage,sangle-d-arrimage,51509
51271,Sangle à boucle à came,sangle-a-boucle-a-came,51509
51272,Manchon de protection thermique pour sangle d'arrimage,manchon-de-protection-thermique-pour-sangle-d-arrimage,51509
51273,Sangle de remorquage,sangle-de-remorquage,51510
51274,Sac de transport,sac-de-transport,0
51275,Kit de sangles à cliquet,kit-de-sangles-a-cliquet,51504
51277,Bouclier antivol pour convertisseur catalytique,bouclier-antivol-pour-convertisseur-catalytique,51481
51279,Boule d'attelage de remorque col de cygne,boule-d-attelage-de-remorque-col-de-cygne,51509
51280,Boule d'attelage de remorque,boule-d-attelage-de-remorque,51509
51281,Kit d'ancrage pour boule et chaîne d'attelage col de cygne,kit-d-ancrage-pour-boule-et-chaine-d-attelage-col-de-cygne,51504
51282,Kit de répartition de poids pour remorque,kit-de-repartition-de-poids-pour-remorque,51504
51283,Barre de traction d'attelage de remorque,barre-de-traction-d-attelage-de-remorque,51509
51284,Ancrage de chaîne pour attelage col de cygne,ancrage-de-chaine-pour-attelage-col-de-cygne,51509
51285,Goupille de montage pour boule d'attelage de remorque,goupille-de-montage-pour-boule-d-attelage-de-remorque,51509
51286,Goupille d'attelage de remorque,goupille-d-attelage-de-remorque,51509
51287,Clé de verrouillage pour attelage de remorque,cle-de-verrouillage-pour-attelage-de-remorque,51509
51288,Couvercle de trou pour attelage de remorque col de cygne,couvercle-de-trou-pour-attelage-de-remorque-col-de-cygne,51509
51289,Verrou de coupleur d'attelage de remorque,verrou-de-coupleur-d-attelage-de-remorque,51509
51290,Plaque d'attelage col de cygne,plaque-d-attelage-col-de-cygne,51509
51291,Goupille fendue pour attelage de remorque,goupille-fendue-pour-attelage-de-remorque,51509
51292,Ensemble de verrouillage universel,ensemble-de-verrouillage-universel,51508
51293,Couvercle anti-poussière universel,couvercle-anti-poussiere-universel,51508
51294,Fixation anti-bruit,fixation-anti-bruit,51508
51295,Support d'affichage,support-d-affichage,51493
51296,Butée d'arrêt de hayon,butee-d-arret-de-hayon,51494
51297,Cadenas,cadenas,0
51298,Pochette de rangement pour boule d'attelage de remorque,pochette-de-rangement-pour-boule-d-attelage-de-remorque,51509
51299,Boîte de rangement pour cabine de camion,boîte-de-rangement-pour-cabine-de-camion,51493
51300,Crochet de remorquage,crochet-de-remorquage,51510
51301,Kit de polissage,kit-de-polissage,51504
51302,Anneau en D pour attelage de remorque,anneau-en-d-pour-attelage-de-remorque,51509
51303,Anneau de remorquage,anneau-de-remorquage,51510
51304,Sac pour boule d'attelage col de cygne,sac-pour-boule-d-attelage-col-de-cygne,51509
51306,Vis,vis,51508
51307,Marchepied monté sur attelage,marchepied-monte-sur-attelage,51509
51308,Crochet d'attelage pour remorque,crochet-d-attelage-pour-remorque,51509
51309,Tige de répartition de poids pour remorque,tige-de-repartition-de-poids-pour-remorque,51509
51310,Extension de récepteur d'attelage pour remorque,extension-de-recepteur-d-attelage-pour-remorque,51509
51311,Coupleur de remorque,coupleur-de-remorque,51509
51312,Coupleur d'attelage de remorque,coupleur-d-attelage-de-remorque,51509
51313,Kit de contrôle de balancement de remorque,kit-de-controle-de-balancement-de-remorque,51504
51314,Chaîne de sécurité pour attelage de remorque,chaine-de-securite-pour-attelage-de-remorque,51509
51315,Cale de carrosserie,cale-de-carrosserie,51494
51316,Pivot d'attelage de remorque à sellette,pivot-d-attelage-de-remorque-a-sellette,51509
51317,Goupille de traction pour attelage de remorque à sellette,goupille-de-traction-pour-attelage-de-remorque-a-sellette,51509
51318,Coupleur d'attelage de remorque à sellette,coupleur-d-attelage-de-remorque-a-sellette,51509
51319,Kit de boulons pour attelage de remorque,kit-de-boulons-pour-attelage-de-remorque,51504
51320,Adaptateur de tube de récepteur pour attelage de remorque,adaptateur-de-tube-de-recepteur-pour-attelage-de-remorque,51509
51321,Adaptateur d'attelage de remorque,adaptateur-d-attelage-de-remorque,51509
51322,Kit de collier pour barre stabilisatrice de suspension,kit-de-collier-pour-barre-stabilisatrice-de-suspension,51487
51323,Clip de goupille pour attelage col de cygne,clip-de-goupille-pour-attelage-col-de-cygne,51509
51324,Rampe de chargement,rampe-de-chargement,51493
51325,Verrou d'attelage de remorque,verrou-d-attelage-de-remorque,51509
51326,Bouchon pour attelage de remorque à sellette,bouchon-pour-attelage-de-remorque-a-sellette,51509
51327,Verrou d'attelage col de cygne,verrou-d-attelage-col-de-cygne,51509
51328,Tige de traction pour attelage col de cygne,tige-de-traction-pour-attelage-col-de-cygne,51509
51330,Matelas pneumatique,matelas-pneumatique,0
51332,Extension de tente,extension-de-tente,0
51333,Tasse,tasse,0
51334,Tente,tente,0
51335,Auvent portable,auvent-portable,0
51336,Batterie pour outil électrique,batterie-pour-outil-electrique,0
51337,Chaise d'extérieur,chaise-d-exterieur,51493
51338,Engrenage de commande pour distributeur,engrenage-de-commande-pour-distributeur,51479
51340,Collecteur d'admission moteur,collecteur-d-admission-moteur,51481
51341,Kit de joints d'admission d'air moteur,kit-de-joints-d-admission-d-air-moteur,51481
51342,Joint torique pour corps de papillon d'injection de carburant,joint-torique-pour-corps-de-papillon-d-injection-de-carburant,51483
51343,Joint d'admission d'air moteur,joint-d-admission-d-air-moteur,51481
51344,Soupape de purge de cartouche de vapeur,soupape-de-purge-de-cartouche-de-vapeur,51481
51345,Ensemble de boulons pour collecteur d'admission moteur,ensemble-de-boulons-pour-collecteur-d-admission-moteur,51481
51346,Rail de carburant pour injection,rail-de-carburant-pour-injection,51483
51347,Adaptateur pour corps de papillon d'injection de carburant,adaptateur-pour-corps-de-papillon-d-injection-de-carburant,51483
51348,Support de rail d'injection de carburant,support-de-rail-d-injection-de-carburant,51483
51349,Entretoise de rail d'injection de carburant,entretoise-de-rail-d-injection-de-carburant,51483
51350,Coureur pour collecteur d'admission moteur,coureur-pour-collecteur-d-admission-moteur,51481
51351,Cornet de vitesse pour admission d'air moteur,cornet-de-vitesse-pour-admission-d-air-moteur,51481
51352,Kit pour collecteur d'admission moteur,kit-pour-collecteur-d-admission-moteur,51481
51353,Kit de bornes pour injecteur de carburant,kit-de-bornes-pour-injecteur-de-carburant,51483
51354,Jauge air / carburant,jauge-air-carburant,51483
51355,Débitmètre pour injection de carburant,debitmetre-pour-injection-de-carburant,51483
51356,Capteur de rapport air / carburant,capteur-de-rapport-air-carburant,51483
51357,Sonde à oxygène,sonde-a-oxygene,51485
51358,Module de contrôle d'affichage de carburant,module-de-controle-d-affichage-de-carburant,51483
51359,Capuchon de vide,capuchon-de-vide,51483
51360,Emblème,embleme,0
51361,Outil d'indexation pour bougie,outil-d-indexation-pour-bougie,51504
51362,Fil de bobine pour bougie à conducteur unique,fil-de-bobine-pour-bougie-a-conducteur-unique,51488
51363,Capuchon de bobine,capuchon-de-bobine,51488
51364,Fil de bougie en bobine,fil-de-bougie-en-bobine,51480
51365,Capuchon de bougie,capuchon-de-bougie,51480
51366,Ensemble de fils de bougie,ensemble-de-fils-de-bougie,51480
51367,Système d'allumage électronique,systeme-d-allumage-electronique,51480
51368,Autocollant extérieur,autocollant-exterieur,51493
51369,Pompe à carburant électrique,pompe-a-carburant-electrique,51483
51370,Capteur de température de charge d'air,capteur-de-temperature-de-charge-d-air,51485
51371,Capteur de température du liquide de refroidissement moteur,capteur-de-temperature-du-liquide-de-refroidissement-moteur,0
51372,Module de commande moteur (ECM),module-de-commande-moteur-ecm,51481
51373,Connecteur d'injecteur de carburant,connecteur-d-injecteur-de-carburant,51483
51374,Faisceau de câblage pour sonde à oxygène,faisceau-de-cablage-pour-sonde-a-oxygene,0
51375,Faisceau de gestion du carburant,faisceau-de-gestion-du-carburant,51483
51376,Cache-soupapes moteur,cache-soupapes-moteur,51481
51377,Faisceau d'injection de carburant,faisceau-d-injection-de-carburant,51483
51378,Kit de déclenchement de vilebrequin pour allumage,kit-de-declenchement-de-vilebrequin-pour-allumage,51480
51379,Faisceau d'allumage,faisceau-d-allumage,51480
51380,Module de commande d'allumage,module-de-commande-d-allumage,51480
51381,Module de commande de distribution variable des soupapes (VVT) du moteur,module-de-commande-de-distribution-variable-des-soupapes-vvt-du-moteur,51481
51382,Connecteur de capteur de pression absolue du collecteur,connecteur-de-capteur-de-pression-absolue-du-collecteur,0
51383,Ensemble module de pompe à carburant,ensemble-module-de-pompe-a-carburant,51483
51384,Kit de service du régulateur de pression de carburant,kit-de-service-du-regulateur-de-pression-de-carburant,51483
51385,Capteur de vitesse du véhicule,capteur-de-vitesse-du-vehicule,0
51386,Support de capteur de vitesse du véhicule,support-de-capteur-de-vitesse-du-vehicule,51485
51387,Aimant de capteur d'allumage du distributeur,aimant-de-capteur-d-allumage-du-distributeur,51480
51388,Solénoïde de surpression de turbocompresseur,solenoide-de-surpression-de-turbocompresseur,51486
51389,Câble USB pour programmateur de puce informatique,cable-usb-pour-programmateur-de-puce-informatique,51507
51390,Filtre de pompe à carburant,filtre-de-pompe-a-carburant,51483
51391,Capuchon d'injecteur de carburant,capuchon-d-injecteur-de-carburant,51483
51392,Kit de conversion pour injection de carburant,kit-de-conversion-pour-injection-de-carburant,51483
51393,Entretoise de carburateur,entretoise-de-carburateur,51483
51394,Entretoise pour corps de papillon d'injection de carburant,entretoise-pour-corps-de-papillon-d-injection-de-carburant,51483
51395,Rondelle / écrou pour raccord AN,rondelle-ecrou-pour-raccord-an,0
51396,Kit de joints toriques pour rail de carburant d'injection,kit-de-joints-toriques-pour-rail-de-carburant-d-injection,51483
51397,Bobine d'allumage,bobine-d-allumage,51480
51398,Kit de bobine d'allumage,kit-de-bobine-d-allumage,51480
51399,Connecteur de prise allume-cigare,connecteur-de-prise-allume-cigare,51492
51400,Distributeur,distributeur,51480
51401,Injecteur de carburant,injecteur-de-carburant,51483
51402,Faisceau pour bobine d'allumage directe,faisceau-pour-bobine-d-allumage-directe,51480
51403,Ensemble de bobines d'allumage,ensemble-de-bobines-d-allumage,51480
51404,Solénoïde pour nitro / purge de nitro / carburant,solenoide-pour-nitro-purge-de-nitro-carburant,51483
51405,Ensemble pompe à carburant et émetteur,ensemble-pompe-a-carburant-et-emetteur,51483
51406,Kit de liaison pour accélérateur de carburateur,kit-de-liaison-pour-accelerateur-de-carburateur,51504
51407,Corps de papillon pour injection de carburant,corps-de-papillon-pour-injection-de-carburant,51483
51408,Ensemble de filtre à air,ensemble-de-filtre-a-air,51483
51409,Capuchon de distributeur,capuchon-de-distributeur,51480
51410,Rotor de distributeur,rotor-de-distributeur,51475
51411,Capteur de pression absolue du collecteur,capteur-de-pression-absolue-du-collecteur,51485
51412,Relais d'injection de carburant,relais-d-injection-de-carburant,51483
51413,Valve de contrôle de ralenti pour injection de carburant,valve-de-controle-de-ralenti-pour-injection-de-carburant,51483
51414,Connecteur de moteur de contrôle du ralenti,connecteur-de-moteur-de-controle-du-ralenti,0
51415,Relais du régulateur de réchauffement pour injection de carburant,relais-du-regulateur-de-rechauffement-pour-injection-de-carburant,51483
51416,Pompe à carburant,pompe-a-carburant,51483
51417,Capteur de pression d'injection de carburant,capteur-de-pression-d-injection-de-carburant,51483
51418,Dénudeur de fils,denudeur-de-fils,51505
51419,Support de montage pour bobine d'allumage,support-de-montage-pour-bobine-d-allumage,51480
51420,Kit d'allumage,kit-d-allumage,51480
51421,Kit complet pour pompe à carburant,kit-complet-pour-pompe-a-carburant,51483
51422,Kit de durites de carburant,kit-de-durites-de-carburant,51483
51423,Logiciel de diagnostic,logiciel-de-diagnostic,51507
51424,Raccord AN,raccord-an,0
51425,Connecteur de bobine d'allumage,connecteur-de-bobine-d-allumage,51480
51426,Connecteur de jauge de tachymètre,connecteur-de-jauge-de-tachymetre,0
51427,Balai de distributeur,balai-de-distributeur,51480
51428,Module de performance d'allumage,module-de-performance-d-allumage,51480
51429,Support d'amortisseur de suspension,support-d-amortisseur-de-suspension,51487
51430,Poinçon manuel,poincon-manuel,51517
51431,Lampe de calage,lampe-de-calage,51492
51432,Caméra vidéo,camera-video,51500
51433,Collier coulissant de transmission automatique,collier-coulissant-de-transmission-automatique,51478
51434,Kit de réparation pour distributeur,kit-de-reparation-pour-distributeur,51504
51435,Joint torique pour capuchon de distributeur,joint-torique-pour-capuchon-de-distributeur,51480
51436,Adaptateur de capuchon de distributeur,adaptateur-de-capuchon-de-distributeur,51480
51437,Capteur optique de distributeur,capteur-optique-de-distributeur,51480
51438,Goupille,goupille,51480
51439,Capteur de déclenchement du vilebrequin d'allumage,capteur-de-declenchement-du-vilebrequin-d-allumage,51480
51440,Support de roue de déclenchement du vilebrequin d'allumage,support-de-roue-de-declenchement-du-vilebrequin-d-allumage,51480
51441,Kit de capuchon de distributeur / rotor / bobine d'allumage,kit-de-capuchon-de-distributeur-rotor-bobine-d-allumage,51475
51442,Kit de verrouillage d'avance pour distributeur,kit-de-verrouillage-d-avance-pour-distributeur,51504
51443,Avance à dépression pour distributeur,avance-a-depression-pour-distributeur,51480
51444,Kit de capteur optique,kit-de-capteur-optique,51504
51445,Adaptateur pour ligne de retour de carburant,adaptateur-pour-ligne-de-retour-de-carburant,51483
51446,Support de module de performance d'allumage,support-de-module-de-performance-d-allumage,51480
51447,Jauge de calage moteur,jauge-de-calage-moteur,51481
51448,Connecteur de broche électrique,connecteur-de-broche-electrique,0
51449,Kit de relocalisation de batterie,kit-de-relocalisation-de-batterie,0
51450,Faisceau de câblage pour module de commande moteur (ECM),faisceau-de-cablage-pour-module-de-commande-moteur-ecm,51481
51451,Adaptateur pour bobine d'allumage,adaptateur-pour-bobine-d-allumage,51480
51452,Faisceau de distributeur,faisceau-de-distributeur,51480
51453,Kit de réglage d'allumage,kit-de-reglage-d-allumage,51480
51454,Intercooler,intercooler,51486
51455,Programmateur pour distributeur,programmateur-pour-distributeur,51480
51457,Butée d'embrayage,butee-d-embrayage,51477
51458,Outil d'alignement d'embrayage,outil-d-alignement-d-embrayage,51477
51459,Roulement pilote d'embrayage,roulement-pilote-d-embrayage,51477
51460,Bague pilote d'embrayage,bague-pilote-d-embrayage,51477
51461,Joint de roulement pilote d'embrayage,joint-de-roulement-pilote-d-embrayage,51477
51462,Couvercle d'étrier de frein à disque,couvercle-d-etrier-de-frein-a-disque,51474
51464,Freins,freins,0
51465,Embrayage et transmission,embrayage-et-transmission,0
51466,Suspension et direction,suspension-et-direction,0
51467,Extérieur,exterieur,0
51468,Intérieur,interieur,0
51469,Outils et équipements,outils-et-equipements,0
51470,Remorque et remorquage,remorque-et-remorquage,0
51471,Camping et loisirs,camping-et-loisirs,0
51472,Roues et pneus,roues-et-pneus,0
51473,Accessoires pour camions,accessoires-pour-camions,0
51474,Freins à disque,freins-a-disque,51464
51475,Accessoires de frein,accessoires-de-frein,51464
51476,Freins à tambour,freins-a-tambour,51464
51477,Composants d'embrayage,composants-d-embrayage,51465
51478,Pièces de transmission,pieces-de-transmission,51465
51479,Autres accessoires de transmission,autres-accessoires-de-transmission,51465
51480,Distributeur et allumage,distributeur-et-allumage,50806
51481,Autres composants moteur,autres-composants-moteur,50806
51482,Système d'échappement,systeme-d-echappement,50806
51483,Système de carburant,systeme-de-carburant,50806
51484,Refroidissement et lubrification,refroidissement-et-lubrification,50806
51485,Capteurs,capteurs,50806
51486,Composants de turbocompresseur,composants-de-turbocompresseur,50806
51487,Composants de suspension,composants-de-suspension,51466
51488,Autres pièces de suspension et direction,autres-pieces-de-suspension-et-direction,51466
51489,Composants de direction,composants-de-direction,51466
51490,Composants de réglage,composants-de-reglage,51466
51492,Éclairage,eclairage,29658
51493,Autres accessoires extérieurs,autres-accessoires-exterieurs,29658
51494,Composants de carrosserie,composants-de-carrosserie,29658
51495,Protection extérieure,protection-exterieure,29658
51496,Sièges,sieges,51468
51497,Garnitures intérieures,garnitures-interieures,51468
51498,Autres accessoires intérieurs,autres-accessoires-interieurs,51468
51499,Accessoires intérieurs,accessoires-interieurs,51468
51500,Électronique intérieure,electronique-interieure,51468
51501,Composants électriques,composants-electriques,50817
51502,Câblage et connecteurs,cablage-et-connecteurs,50817
51504,Outils manuels et kits,outils-manuels-et-kits,51469
51505,Outils d'atelier,outils-d-atelier,51469
51506,Cric et supports,cric-et-supports,51469
51507,Diagnostic et programmation,diagnostic-et-programmation,51469
51508,Quincaillerie et autres,quincaillerie-et-autres,51469
51509,Composants de remorque,composants-de-remorque,51470
51510,Accessoires de remorquage,accessoires-de-remorquage,51470
51511,Équipements de camping,equipements-de-camping,51471
51512,Accessoires,accessoires,51471
51513,Roues,roues,51472
51514,Pneus,pneus,51472
51515,Accessoires pour camions,accessoires-pour-camions,51473
51516,Autres outils et accessoires,autres-outils-et-accessoires,51469
51517,Autres outils et équipements,autres-outils-et-equipements,51469